{
  300.0: {"xsec": 0.386936,   "xsec_brW_brH": 0.151805,   "err": 0.0263602,   "rel_err": 0.0681255 },
  325.0: {"xsec": 0.281911,   "xsec_brW_brH": 0.110601,   "err": 0.0200201,   "rel_err": 0.0710157 },
  350.0: {"xsec": 0.209439,   "xsec_brW_brH": 0.0821684,  "err": 0.0154539,   "rel_err": 0.0737871 },
  375.0: {"xsec": 0.15806,    "xsec_brW_brH": 0.0620111,  "err": 0.0120956,   "rel_err": 0.0765254 },
  400.0: {"xsec": 0.121013,   "xsec_brW_brH": 0.0474766,  "err": 0.00961659,  "rel_err": 0.0794674 },
  425.0: {"xsec": 0.093771,   "xsec_brW_brH": 0.0367888,  "err": 0.00773547,  "rel_err": 0.0824932 },
  450.0: {"xsec": 0.0734361,  "xsec_brW_brH": 0.0288109,  "err": 0.0062389,   "rel_err": 0.0849569 },
  475.0: {"xsec": 0.0580811,  "xsec_brW_brH": 0.0227867,  "err": 0.00505005,  "rel_err": 0.0869482 },
  500.0: {"xsec": 0.0463533,  "xsec_brW_brH": 0.0181856,  "err": 0.00416461,  "rel_err": 0.089845  },
  525.0: {"xsec": 0.0372636,  "xsec_brW_brH": 0.0146195,  "err": 0.00346763,  "rel_err": 0.0930568 },
  550.0: {"xsec": 0.0301656,  "xsec_brW_brH": 0.0118348,  "err": 0.00288065,  "rel_err": 0.0954945 },
  575.0: {"xsec": 0.0245798,  "xsec_brW_brH": 0.0096433,  "err": 0.00240183,  "rel_err": 0.0977156 },
  600.0: {"xsec": 0.0201372,  "xsec_brW_brH": 0.00790035, "err": 0.00204438,  "rel_err": 0.101523  },
  625.0: {"xsec": 0.0165706,  "xsec_brW_brH": 0.00650108, "err": 0.00170195,  "rel_err": 0.102709  },
  650.0: {"xsec": 0.0137303,  "xsec_brW_brH": 0.00538676, "err": 0.00143519,  "rel_err": 0.104527  },
  675.0: {"xsec": 0.0113975,  "xsec_brW_brH": 0.00447154, "err": 0.00121937,  "rel_err": 0.106986  },
  700.0: {"xsec": 0.00951032, "xsec_brW_brH": 0.00373115, "err": 0.00104092,  "rel_err": 0.109452  },
  725.0: {"xsec": 0.0079595,  "xsec_brW_brH": 0.00312272, "err": 0.000885243, "rel_err": 0.111218  },
  750.0: {"xsec": 0.00669356, "xsec_brW_brH": 0.00262606, "err": 0.000769988, "rel_err": 0.115034  },
  775.0: {"xsec": 0.00563562, "xsec_brW_brH": 0.002211,   "err": 0.000654544, "rel_err": 0.116144  },
  800.0: {"xsec": 0.00475843, "xsec_brW_brH": 0.00186686, "err": 0.000564061, "rel_err": 0.118539  },
  825.0: {"xsec": 0.00402646, "xsec_brW_brH": 0.00157969, "err": 0.000478362, "rel_err": 0.118805  },
  850.0: {"xsec": 0.00342026, "xsec_brW_brH": 0.00134186, "err": 0.000412315, "rel_err": 0.120551  }
}
