{
  "300p0": {"xsec err": 0.0681255},
  "325p0": {"xsec err": 0.0710157},
  "350p0": {"xsec err": 0.0737871},
  "375p0": {"xsec err": 0.0765254},
  "400p0": {"xsec err": 0.0794674},
  "425p0": {"xsec err": 0.0824932},
  "450p0": {"xsec err": 0.0849569},
  "475p0": {"xsec err": 0.0869482},
  "500p0": {"xsec err": 0.089845},
  "525p0": {"xsec err": 0.0930568},
  "550p0": {"xsec err": 0.0954945},
  "575p0": {"xsec err": 0.0977156},
  "600p0": {"xsec err": 0.101523},
  "625p0": {"xsec err": 0.102709},
  "650p0": {"xsec err": 0.104527},
  "675p0": {"xsec err": 0.106986},
  "700p0": {"xsec err": 0.109452},
  "725p0": {"xsec err": 0.111218},
  "750p0": {"xsec err": 0.115034},
  "775p0": {"xsec err": 0.116144},
  "800p0": {"xsec err": 0.118539},
  "825p0": {"xsec err": 0.118805},
  "850p0": {"xsec err": 0.120551}
}
